nombre_completo,cedula,fecha_nacimiento,lugar_nacimiento,estado_civil,nombre_conyuge,ocupacion,empresa,tiempo_empresa_años,telefono_trabajo,telefono_celular,email,direccion_residencia,sector,ciudad,provincia,tipo_vivienda,tiempo_residencia_años,nivel_educacion,profesion,dependientes_economicos,referencias_personales
Juan Pérez González,118-2345678-9,15/03/1985,"Santo Domingo, D.N.",Casado,María López Pérez,Ingeniero Civil,Constructora ABC S.R.L.,8,809-555-1000,809-555-1234,juan.perez@email.com,"Calle Principal #45",Los Prados,Santo Domingo,Distrito Nacional,Propia,5,Universitaria,Ingeniería Civil,2,"Carlos Díaz: 809-555-5678"
Ana María Rodríguez,118-3456789-0,22/07/1990,"Santiago, R.D.",Soltera,,Contadora,Firma Contable XYZ,4,809-555-2000,829-555-2345,ana.rodriguez@email.com,"Av. Winston Churchill #123",Piantini,Santo Domingo,Distrito Nacional,Alquilada,3,Universitaria,Contaduría,0,"Luisa Fernández: 809-555-6789"
Roberto Santos,118-4567890-1,10/11/1978,"La Vega, R.D.",Casado,Isabel García Santos,Comerciante,Negocio Propio,15,809-555-3000,849-555-3456,roberto.santos@email.com,"Calle El Sol #78",Centro,Santiago,Santiago,Propia,12,Secundaria,Comercio,3,"Pedro Martínez: 809-555-7890"
Carmen Jiménez,118-5678901-2,05/02/1988,"Santo Domingo, D.N.",Divorciada,,Gerente Ventas,Empresa Retail DEF,6,809-555-4000,809-555-4567,carmen.jimenez@email.com,"Av. 27 de Febrero #234",Bella Vista,Santo Domingo,Distrito Nacional,Propia,4,Universitaria,Administración,1,"Ana Torres: 809-555-8901"
Miguel Ángel Cruz,118-6789012-3,18/09/1982,"San Cristóbal, R.D.",Casado,Rosa Hernández Cruz,Médico,Hospital Regional,10,809-555-5000,829-555-5678,miguel.cruz@email.com,"Calle Duarte #56",Centro,La Vega,La Vega,Propia,8,Postgrado,Medicina,2,"Jorge Ramírez: 809-555-9012"
